ISO,Country,region_ar6_5,region_ar6_10,region_ar6_22,region_ar6_dev,scscrop_tech,scscrop_techcum,scscrop_tech_ha,scscrop_techden,scscrop_feas,scscrop_feascum,scscrop_feas_ha,scscrop_feasden,biochar_tech,biochar_techcum,biochar_tech_ha,biochar_techden,biochar_feas,biochar_feascum,biochar_feas_ha,biochar_feasden
DZA,Algeria,Africa and Middle East,Africa,North Africa,developing,2.4417,73.2505,10268998.0028,7.1332,2.1975,65.9255,9242098.2025,7.1332,1.5126,45.3779,3103782.5071,14.6202,1.0920,32.7609,2320563.5883,14.1177
AGO,Angola,Africa and Middle East,Africa,Southern and middle Africa,ldc,1.7820,53.4599,4233977.0101,12.6264,1.6038,48.1139,3810579.3091,12.6264,2.2984,68.9519,4971160.4329,13.8704,1.1869,35.6063,2511911.3415,14.1750
BHR,Bahrain,Africa and Middle East,Middle East,Middle East,developing,0.0001,0.0025,578.6723,4.2775,0.0001,0.0022,520.8050,4.2775,0.0000,0.0000,1.6129,26.9697,0.0000,0.0000,0.0000,
BEN,Benin,Africa and Middle East,Africa,Western Africa,ldc,1.8167,54.4998,2769530.8132,19.6783,1.6350,49.0498,2492577.7319,19.6783,1.7686,53.0592,2043147.7739,25.9694,1.1398,34.1952,1364482.0443,25.0609
BWA,Botswana,Africa and Middle East,Africa,Southern and middle Africa,developing,0.6616,19.8486,2382912.5085,8.3295,0.5955,17.8637,2144621.2576,8.3295,0.0158,0.4735,86132.4607,5.4977,0.0118,0.3533,65329.0151,5.4083
IOT,British Indian Ocean Territory,Africa and Middle East,Africa,Eastern Africa,developing,0.0000,0.0000,0.0000,,0.0000,0.0000,0.0000,,,,,,,,,
BFA,Burkina Faso,Africa and Middle East,Africa,Western Africa,ldc,5.1674,155.0216,16109776.6937,9.6228,4.6506,139.5195,14498799.0244,9.6228,2.1023,63.0686,4953011.0202,12.7334,1.6329,48.9864,3794747.9744,12.9090
BDI,Burundi,Africa and Middle East,Africa,Eastern Africa,ldc,0.4481,13.4439,893978.4749,15.0383,0.4033,12.0996,804580.6274,15.0383,0.7177,21.5318,1169302.9911,18.4142,0.1952,5.8569,238813.4994,24.5250
CPV,Cabo Verde,Africa and Middle East,Africa,Western Africa,developing,0.0051,0.1535,20222.0631,7.5916,0.0046,0.1382,18199.8568,7.5916,0.0063,0.1876,30756.4241,6.0994,0.0046,0.1390,24096.0245,5.7697
CMR,Cameroon,Africa and Middle East,Africa,Southern and middle Africa,developing,2.4661,73.9833,4599419.2786,16.0854,2.2195,66.5850,4139477.3508,16.0854,3.2095,96.2844,4134566.4634,23.2877,2.0141,60.4243,2740375.9460,22.0496
CAF,Central African Republic,Africa and Middle East,Africa,Southern and middle Africa,ldc,0.5362,16.0874,648209.5958,24.8183,0.4826,14.4787,583388.6362,24.8183,0.1371,4.1122,549348.9930,7.4857,0.0710,2.1300,247160.5516,8.6179
TCD,Chad,Africa and Middle East,Africa,Southern and middle Africa,ldc,6.1256,183.7688,18374262.3243,10.0014,5.5131,165.3919,16536836.0919,10.0014,1.1342,34.0269,3723413.7367,9.1386,0.7722,23.1674,2689597.6115,8.6137
COM,Comoros,Africa and Middle East,Africa,Eastern Africa,ldc,0.0098,0.2938,6229.9861,47.1562,0.0088,0.2644,5606.9875,47.1562,0.0544,1.6320,69066.6000,23.6290,0.0392,1.1771,45140.2765,26.0768
COD,"Congo, Dem. Rep.",Africa and Middle East,Africa,Southern and middle Africa,ldc,15.4477,463.4323,10486011.6324,44.1953,13.9030,417.0891,9437410.4692,44.1953,5.7597,172.7918,9517697.3058,18.1548,2.4688,74.0632,3881609.7952,19.0805
COG,"Congo, Rep.",Africa and Middle East,Africa,Southern and middle Africa,developing,2.0340,61.0201,1133898.9153,53.8144,1.8306,54.9181,1020509.0238,53.8144,0.2143,6.4287,248441.8623,25.8760,0.0934,2.8020,92917.6246,30.1552
CIV,Côte d'Ivoire,Africa and Middle East,Africa,Western Africa,developing,11.1694,335.0826,6022860.5676,55.6351,10.0525,301.5743,5420574.5108,55.6351,4.6862,140.5850,6604355.7153,21.2867,3.4148,102.4428,4616810.9664,22.1891
DJI,Djibouti,Africa and Middle East,Africa,Eastern Africa,ldc,0.0008,0.0239,3145.1101,7.5922,0.0007,0.0215,2830.5990,7.5922,0.0017,0.0511,6935.2000,7.3662,0.0000,0.0002,7.6968,31.6234
EGY,"Egypt, Arab Rep.",Africa and Middle East,Africa,North Africa,developing,1.7011,51.0315,4701860.7474,10.8535,1.5309,45.9284,4231674.6726,10.8535,11.8226,354.6780,2423351.8259,146.3584,9.1131,273.3930,1793160.0017,152.4644
GNQ,Equatorial Guinea,Africa and Middle East,Africa,Southern and middle Africa,developing,0.1078,3.2335,85398.5695,37.8634,0.0970,2.9101,76858.7125,37.8634,0.0125,0.3749,39158.1247,9.5750,0.0059,0.1781,13223.0156,13.4697
ERI,Eritrea,Africa and Middle East,Africa,Eastern Africa,ldc,0.5207,15.6218,1403351.5276,11.1318,0.4687,14.0596,1263016.3748,11.1318,0.0690,2.0705,328944.6658,6.2944,0.0513,1.5381,241217.9518,6.3763
ETH,Ethiopia,Africa and Middle East,Africa,Eastern Africa,ldc,10.9130,327.3886,12511019.9804,26.1680,9.8217,294.6497,11259917.9823,26.1680,8.0387,241.1617,6714347.4206,35.9174,5.8615,175.8464,4822595.8514,36.4630
ATF,French Southern Territories,Africa and Middle East,Africa,Eastern Africa,developing,0.0003,0.0086,180.0012,47.8697,0.0003,0.0078,162.0010,47.8697,,,,,,,,
GAB,Gabon,Africa and Middle East,Africa,Southern and middle Africa,developing,0.5794,17.3822,403606.4067,43.0672,0.5215,15.6440,363245.7660,43.0672,0.0863,2.5900,125850.0035,20.5802,0.0516,1.5476,55874.0754,27.6974
GMB,"Gambia, The",Africa and Middle East,Africa,Western Africa,ldc,0.3617,10.8518,422454.4975,25.6876,0.3256,9.7667,380209.0478,25.6876,0.0923,2.7703,318819.9964,8.6892,0.0713,2.1391,249106.7941,8.5871
GHA,Ghana,Africa and Middle East,Africa,Western Africa,developing,7.8795,236.3842,4589307.2116,51.5076,7.0915,212.7458,4130376.4904,51.5076,4.4334,133.0016,5024300.9476,26.4717,2.4090,72.2711,3175186.0890,22.7612
GIN,Guinea,Africa and Middle East,Africa,Western Africa,ldc,2.1043,63.1285,1816420.4754,34.7543,1.8939,56.8157,1634778.4279,34.7543,2.8533,85.5992,3707009.8160,23.0912,2.1389,64.1668,2752838.4410,23.3093
GNB,Guinea-Bissau,Africa and Middle East,Africa,Western Africa,ldc,0.4289,12.8679,239383.7081,53.7544,0.3860,11.5811,215445.3373,53.7544,0.1845,5.5350,220532.5021,25.0983,0.1407,4.2206,167160.1845,25.2491
IRN,"Iran, Islamic Rep.",Africa and Middle East,Middle East,Middle East,developing,6.8999,206.9965,26969569.9449,7.6752,6.2099,186.2968,24272612.9504,7.6752,9.4196,282.5869,7792547.5163,36.2637,7.1914,215.7417,5986937.7669,36.0354
IRQ,Iraq,Africa and Middle East,Middle East,Middle East,developing,2.1009,63.0259,8601965.3814,7.3269,1.8908,56.7233,7741768.8433,7.3269,1.3684,41.0529,1427409.8893,28.7604,1.0685,32.0548,1113438.1364,28.7890
ISR,Israel,Africa and Middle East,Middle East,Middle East,developed,0.1167,3.5010,465100.9511,7.5273,0.1050,3.1509,418590.8560,7.5273,0.1036,3.1080,84201.8457,36.9115,0.0709,2.1280,54034.9860,39.3824
JOR,Jordan,Africa and Middle East,Middle East,Middle East,developing,0.1278,3.8345,506388.3163,7.5722,0.1150,3.4510,455749.4847,7.5722,0.0337,1.0117,58192.9470,17.3860,0.0227,0.6811,41731.7263,16.3201
KEN,Kenya,Africa and Middle East,Africa,Eastern Africa,developing,5.2982,158.9457,9217644.8779,17.2436,4.7684,143.0512,8295880.3901,17.2436,3.4742,104.2265,4039386.0888,25.8026,2.2294,66.8811,2163918.1784,30.9074
KWT,Kuwait,Africa and Middle East,Middle East,Middle East,developing,0.0075,0.2235,29639.0663,7.5423,0.0067,0.2012,26675.1596,7.5423,0.0046,0.1370,1347.6750,101.6790,0.0028,0.0843,658.1559,128.0900
LBN,Lebanon,Africa and Middle East,Middle East,Middle East,developing,0.1209,3.6266,504565.6188,7.1876,0.1088,3.2639,454109.0570,7.1876,0.0630,1.8908,71265.0320,26.5317,0.0356,1.0680,40156.8777,26.5963
LSO,Lesotho,Africa and Middle East,Africa,Southern and middle Africa,ldc,0.1664,4.9914,746315.1915,6.6880,0.1497,4.4922,671683.6723,6.6880,0.0551,1.6541,141195.2679,11.7151,0.0395,1.1852,94001.7223,12.6085
LBR,Liberia,Africa and Middle East,Africa,Western Africa,ldc,1.5489,46.4678,2467969.5081,18.8283,1.3940,41.8210,2221172.5573,18.8283,0.3761,11.2815,488866.5980,23.0769,0.2630,7.8892,324095.8433,24.3423
LBY,Libya,Africa and Middle East,Africa,North Africa,developing,0.5319,15.9583,2120608.4027,7.5254,0.4788,14.3625,1908547.5624,7.5254,0.0920,2.7598,368346.9224,7.4924,0.0646,1.9384,275028.6370,7.0481
MDG,Madagascar,Africa and Middle East,Africa,Eastern Africa,ldc,2.7592,82.7764,2786306.8588,29.7083,2.4833,74.4988,2507676.1730,29.7083,2.8381,85.1424,1287278.7287,66.1414,2.0277,60.8315,732830.4646,83.0089
MWI,Malawi,Africa and Middle East,Africa,Eastern Africa,ldc,2.1655,64.9636,3935866.4843,16.5055,1.9489,58.4673,3542279.8359,16.5055,2.6147,78.4417,3200267.9205,24.5110,1.6867,50.6003,2048294.1531,24.7036
MLI,Mali,Africa and Middle East,Africa,Western Africa,ldc,7.4948,224.8443,20674081.7943,10.8757,6.7453,202.3599,18606673.6148,10.8757,4.5446,136.3371,6080549.2288,22.4218,3.4907,104.7211,4694396.5908,22.3077
MRT,Mauritania,Africa and Middle East,Africa,Western Africa,ldc,0.3943,11.8294,1797095.0234,6.5825,0.3549,10.6465,1617385.5210,6.5825,0.1867,5.6003,167702.0840,33.3943,0.1363,4.0875,117470.4619,34.7964
MUS,Mauritius,Africa and Middle East,Africa,Eastern Africa,developing,0.0753,2.2597,50619.1592,44.6415,0.0678,2.0337,45557.2432,44.6415,0.4269,12.8065,49042.2285,261.1325,0.3331,9.9921,37705.4651,265.0038
MYT,Mayotte,Africa and Middle East,Africa,Eastern Africa,developing,0.0001,0.0029,89.5092,32.0118,0.0001,0.0026,80.5582,32.0118,,,,,,,,
MAR,Morocco,Africa and Middle East,Africa,North Africa,developing,2.0472,61.4154,8347579.0684,7.3573,1.8425,55.2739,7512821.1616,7.3573,2.6513,79.5390,4294578.8269,18.5208,2.0442,61.3260,3324967.8925,18.4441
MOZ,Mozambique,Africa and Middle East,Africa,Eastern Africa,ldc,4.7509,142.5271,7201763.7457,19.7906,4.2758,128.2743,6481587.3711,19.7906,2.0821,62.4620,4608353.8875,13.5541,1.4081,42.2423,2944272.2839,14.3473
NAM,Namibia,Africa and Middle East,Africa,Southern and middle Africa,developing,0.7459,22.3774,1508408.9034,14.8351,0.6713,20.1396,1357568.0130,14.8351,0.0420,1.2596,268040.8883,4.6993,0.0333,0.9993,211869.6029,4.7166
NER,Niger,Africa and Middle East,Africa,Western Africa,ldc,1.6906,50.7180,7817518.3868,6.4877,1.5215,45.6462,7035766.5481,6.4877,1.6228,48.6838,11508816.0864,4.2301,1.2176,36.5277,8814197.9474,4.1442
NGA,Nigeria,Africa and Middle East,Africa,Western Africa,developing,20.6937,620.8123,39780966.0034,15.6058,18.6244,558.7311,35802869.4031,15.6058,20.6144,618.4322,33729785.0822,18.3349,13.1456,394.3669,21205615.0819,18.5973
OMN,Oman,Africa and Middle East,Middle East,Middle East,developing,0.0727,2.1809,287372.1437,7.5892,0.0654,1.9628,258634.9294,7.5892,0.0313,0.9401,5073.6470,185.3005,0.0223,0.6687,3377.3646,197.9836
QAT,Qatar,Africa and Middle East,Middle East,Middle East,developing,0.0062,0.1863,25331.4616,7.3542,0.0056,0.1677,22798.3154,7.3542,0.0005,0.0147,158.4172,92.9823,0.0004,0.0117,121.1489,96.6611
REU,Réunion,Africa and Middle East,Africa,Eastern Africa,developing,0.0595,1.7859,37100.4379,48.1376,0.0536,1.6073,33390.3941,48.1376,,,,,,,,
RWA,Rwanda,Africa and Middle East,Africa,Eastern Africa,ldc,0.8389,25.1672,942717.9003,26.6964,0.7550,22.6505,848446.1103,26.6964,0.7628,22.8832,1252174.2803,18.2748,0.2731,8.1943,412345.9916,19.8723
SHN,"Saint Helena, Ascension and Tristan da Cunha",Africa and Middle East,Africa,Western Africa,developing,0.0000,0.0000,0.0000,,0.0000,0.0000,0.0000,,,,,,,,,
STP,São Tomé and Principe,Africa and Middle East,Africa,Southern and middle Africa,ldc,0.0020,0.0595,3404.9477,17.4729,0.0018,0.0535,3064.4529,17.4729,0.0113,0.3376,34242.8416,9.8577,0.0088,0.2647,27108.5936,9.7632
SAU,Saudi Arabia,Africa and Middle East,Middle East,Middle East,developing,0.6658,19.9749,2523382.3920,7.9159,0.5992,17.9774,2271044.1528,7.9159,0.2870,8.6098,221444.9105,38.8801,0.2106,6.3176,158537.7858,39.8490
SEN,Senegal,Africa and Middle East,Africa,Western Africa,ldc,1.7577,52.7305,5027346.6922,10.4887,1.5819,47.4575,4524612.0230,10.4887,1.2913,38.7387,2548821.6218,15.1987,0.9711,29.1336,1965802.7903,14.8202
SYC,Seychelles,Africa and Middle East,Africa,Eastern Africa,developing,0.0056,0.1679,5724.3690,29.3337,0.0050,0.1511,5151.9321,29.3337,0.0008,0.0228,696.7817,32.6788,0.0006,0.0175,534.4055,32.8197
SLE,Sierra Leone,Africa and Middle East,Africa,Western Africa,ldc,1.3075,39.2258,2151322.8158,18.2333,1.1768,35.3032,1936190.5343,18.2333,1.2072,36.2159,1135537.3093,31.8932,0.7181,21.5419,651978.4280,33.0408
SOM,Somalia,Africa and Middle East,Africa,Eastern Africa,ldc,1.5138,45.4127,5259189.0590,8.6349,1.3624,40.8714,4733270.1531,8.6349,0.1360,4.0810,481802.6120,8.4702,0.0831,2.4936,283326.8019,8.8012
ZAF,South Africa,Africa and Middle East,Africa,Southern and middle Africa,developing,3.7843,113.5292,12071019.6617,9.4051,3.4059,102.1763,10863917.6955,9.4051,8.7374,262.1213,4373654.4493,59.9319,6.8919,206.7578,3402181.1000,60.7721
SSD,South Sudan,Africa and Middle East,Africa,Eastern Africa,ldc,0.6375,19.1264,2128581.1228,8.9855,0.5738,17.2137,1915723.0105,8.9855,0.3057,9.1698,515420.8883,17.7908,0.1971,5.9121,341645.7724,17.3049
SDN,Sudan,Africa and Middle East,Africa,North Africa,ldc,8.6943,260.8299,31959392.4191,8.1613,7.8249,234.7469,28763453.1772,8.1613,2.4863,74.5903,11031269.0576,6.7617,1.8447,55.3398,8212969.7027,6.7381
SWZ,Swaziland,Africa and Middle East,Africa,Southern and middle Africa,developing,0.1779,5.3361,565475.5938,9.4364,0.1601,4.8025,508928.0344,9.4364,0.7029,21.0883,136202.2728,154.8309,0.5491,16.4743,103375.2226,159.3646
SYR,Syrian Arab Republic,Africa and Middle East,Middle East,Middle East,developing,1.2164,36.4911,5097422.1098,7.1587,1.0947,32.8420,4587679.8988,7.1587,1.2121,36.3618,2496088.7182,14.5675,0.9408,28.2247,1936206.6999,14.5773
TZA,Tanzania,Africa and Middle East,Africa,Eastern Africa,ldc,9.1848,275.5432,15015085.7574,18.3511,8.2663,247.9889,13513577.1816,18.3511,7.7004,231.0132,10244605.2002,22.5497,5.0489,151.4668,6522125.0487,23.2235
TGO,Togo,Africa and Middle East,Africa,Western Africa,ldc,1.7390,52.1708,1176337.4088,44.3502,1.5651,46.9537,1058703.6680,44.3502,0.9372,28.1164,1570987.3643,17.8973,0.5688,17.0629,831519.8667,20.5201
TUN,Tunisia,Africa and Middle East,Africa,North Africa,developing,1.1324,33.9718,4578432.6370,7.4200,1.0192,30.5746,4120589.3733,7.4200,0.5060,15.1789,1139370.5031,13.3222,0.3883,11.6483,873389.4980,13.3369
UGA,Uganda,Africa and Middle East,Africa,Eastern Africa,ldc,3.8592,115.7762,5957181.3784,19.4347,3.4733,104.1986,5361463.2405,19.4347,3.1697,95.0911,3895630.0563,24.4097,1.8333,54.9995,1842403.8037,29.8520
ARE,United Arab Emirates,Africa and Middle East,Middle East,Middle East,developing,0.0542,1.6252,225228.3926,7.2157,0.0488,1.4627,202705.5533,7.2157,0.0024,0.0709,330.7689,214.2688,0.0019,0.0556,217.9648,254.9613
PSE,West Bank and Gaza,Africa and Middle East,Middle East,Middle East,developing,0.0591,1.7733,236843.1695,7.4874,0.0532,1.5960,213158.8526,7.4874,0.0157,0.4718,23106.3341,20.4166,0.0112,0.3374,17026.8438,19.8142
ESH,Western Sahara,Africa and Middle East,Africa,North Africa,developing,0.0000,0.0000,0.0000,,0.0000,0.0000,0.0000,,,,,,,,,
YEM,"Yemen, Rep.",Africa and Middle East,Middle East,Middle East,ldc,0.5300,15.8999,1813786.4050,8.7662,0.4770,14.3100,1632407.7645,8.7662,0.2005,6.0136,442498.7663,13.5901,0.1440,4.3188,317824.0044,13.5887
ZMB,Zambia,Africa and Middle East,Africa,Eastern Africa,ldc,2.9871,89.6128,5894966.8925,15.2016,2.6884,80.6515,5305470.2033,15.2016,2.3986,71.9586,1843389.7584,39.0360,1.7531,52.5919,1397659.5628,37.6285
ZWE,Zimbabwe,Africa and Middle East,Africa,Eastern Africa,developing,3.8246,114.7365,10998246.0558,10.4323,3.4421,103.2629,9898421.4502,10.4323,1.0807,32.4203,1838425.5130,17.6348,0.8334,25.0028,1391966.4612,17.9622
AFG,Afghanistan,Asia and developing Pacific,Southern Asia,Rest of Southern Asia,ldc,1.8795,56.3853,6099574.0168,9.2441,1.6916,50.7468,5489616.6151,9.2441,1.3633,40.8990,2184399.9883,18.7232,1.0639,31.9168,1693135.6320,18.8507
ASM,American Samoa,Asia and developing Pacific,South-East Asia and developing Pacific,Developing Pacific,developing,0.0005,0.0156,778.6182,20.0640,0.0005,0.0141,700.7564,20.0640,,,,,,,,
BGD,Bangladesh,Asia and developing Pacific,Southern Asia,Rest of Southern Asia,ldc,9.8429,295.2856,4835589.1978,61.0651,8.8586,265.7570,4352030.2780,61.0651,33.6308,1008.9236,9164776.5339,110.0871,26.0024,780.0705,6839035.7130,114.0615
BTN,Bhutan,Asia and developing Pacific,Southern Asia,Rest of Southern Asia,ldc,0.0774,2.3221,35719.6189,65.0091,0.0697,2.0899,32147.6570,65.0091,0.0854,2.5628,42574.6917,60.1960,0.0667,2.0005,30119.5796,66.4180
BRN,Brunei Darussalam,Asia and developing Pacific,South-East Asia and developing Pacific,South-East Asia,developing,0.0044,0.1330,7634.4570,17.4199,0.0040,0.1197,6871.0113,17.4199,0.0025,0.0740,1028.3677,71.9708,0.0016,0.0470,691.2166,67.9761
KHM,Cambodia,Asia and developing Pacific,South-East Asia and developing Pacific,South-East Asia,ldc,4.7134,141.4022,3277056.4389,43.1491,4.2421,127.2620,2949350.7950,43.1491,12.6945,380.8362,3513568.4975,108.3901,8.5426,256.2776,2367802.0888,108.2344
CHN,China,Asia and developing Pacific,Eastern Asia,Eastern Asia,developing,148.2815,4448.4456,171497539.0589,25.9388,133.4534,4003.6010,154347785.1530,25.9388,421.7642,12652.9257,96195483.0732,131.5335,329.3934,9881.8022,72760505.8566,135.8127
COK,Cook Islands,Asia and developing Pacific,South-East Asia and developing Pacific,Developing Pacific,developing,0.0003,0.0101,584.5791,17.3261,0.0003,0.0091,526.1212,17.3261,0.0005,0.0141,1112.3776,12.7025,0.0003,0.0083,839.0759,9.9233
FJI,Fiji,Asia and developing Pacific,South-East Asia and developing Pacific,Developing Pacific,developing,0.0859,2.5780,142183.9853,18.1312,0.0773,2.3202,127965.5868,18.1312,0.3469,10.4056,47209.9738,220.4111,0.2623,7.8698,34689.5501,226.8650
PYF,French Polynesia,Asia and developing Pacific,South-East Asia and developing Pacific,Developing Pacific,developing,0.0276,0.8275,16731.3021,49.4576,0.0248,0.7447,15058.1719,49.4576,0.0187,0.5602,20253.4437,27.6582,0.0142,0.4255,15724.6312,27.0569
GUM,Guam,Asia and developing Pacific,South-East Asia and developing Pacific,Developing Pacific,developing,0.0007,0.0196,1104.8746,17.7027,0.0006,0.0176,994.3872,17.7027,,,,,,,,
HKG,"Hong Kong SAR, China",Asia and developing Pacific,Eastern Asia,Eastern Asia,developing,0.0000,0.0000,0.0000,,0.0000,0.0000,0.0000,,0.0000,0.0000,0.0000,,0.0000,0.0000,0.0000,
IND,India,Asia and developing Pacific,Southern Asia,India & Sri Lanka,developing,132.9232,3987.6962,147031484.0686,27.1214,119.6309,3588.9266,132328335.6617,27.1214,217.6544,6529.6306,134629622.4825,48.5007,165.6205,4968.6157,95074432.4623,52.2603
IDN,Indonesia,Asia and developing Pacific,South-East Asia and developing Pacific,South-East Asia,developing,6.8590,205.7700,14033719.9793,14.6625,6.1731,185.1930,12630347.9813,14.6625,110.8118,3324.3547,29283903.2159,113.5216,84.7820,2543.4607,22380165.1801,113.6480
KIR,Kiribati,Asia and developing Pacific,South-East Asia and developing Pacific,Developing Pacific,ldc,0.0066,0.1990,5612.9862,35.4552,0.0060,0.1791,5051.6876,35.4552,0.0333,1.0001,21928.5514,45.6064,0.0262,0.7860,17235.0719,45.6064
PRK,"Korea, Dem. People's Rep.",Asia and developing Pacific,Eastern Asia,Eastern Asia,developing,4.5785,137.3561,2277852.0777,60.3007,4.1207,123.6205,2050066.8700,60.3007,4.3339,130.0174,1871645.8031,69.4669,3.1142,93.4253,1053265.0584,88.7007
KOR,"Korea, Rep.",Asia and developing Pacific,Eastern Asia,Eastern Asia,developing,4.0796,122.3882,1937336.9184,63.1734,3.6716,110.1494,1743603.2266,63.1734,4.2770,128.3094,880500.9303,145.7232,3.3088,99.2650,665097.9776,149.2486
LAO,Lao PDR,Asia and developing Pacific,South-East Asia and developing Pacific,South-East Asia,ldc,1.6309,48.9269,1623672.6274,30.1335,1.4678,44.0342,1461305.3647,30.1335,4.9568,148.7036,1078968.8071,137.8201,3.6204,108.6124,793098.8202,136.9468
MAC,"Macao SAR, China",Asia and developing Pacific,Eastern Asia,Eastern Asia,developing,0.0000,0.0000,0.0000,,0.0000,0.0000,0.0000,,,,,,,,,
MYS,Malaysia,Asia and developing Pacific,South-East Asia and developing Pacific,South-East Asia,developing,0.8162,24.4858,2257480.8601,10.8465,0.7346,22.0372,2031732.7741,10.8465,16.3640,490.9214,5581520.6705,87.9548,12.8584,385.7534,4387934.3854,87.9123
MDV,Maldives,Asia and developing Pacific,Southern Asia,Rest of Southern Asia,developing,0.0000,0.0000,0.0000,,0.0000,0.0000,0.0000,,0.0002,0.0054,165.0555,32.8980,0.0001,0.0042,123.9930,34.2473
MHL,Marshall Islands,Asia and developing Pacific,South-East Asia and developing Pacific,Developing Pacific,developing,0.0000,0.0000,0.0000,,0.0000,0.0000,0.0000,,0.0050,0.1507,6482.6862,23.2414,0.0039,0.1184,5095.1639,23.2414
FSM,"Micronesia, Fed. Sts.",Asia and developing Pacific,South-East Asia and developing Pacific,Developing Pacific,developing,0.0002,0.0067,337.6461,19.7675,0.0002,0.0060,303.8815,19.7675,0.0118,0.3529,17337.2833,20.3549,0.0082,0.2454,13046.4904,18.8129
MNG,Mongolia,Asia and developing Pacific,Eastern Asia,Eastern Asia,developing,2.8146,84.4384,5142811.9250,16.4187,2.5332,75.9946,4628530.7325,16.4187,0.1557,4.6705,340119.9697,13.7320,0.1188,3.5632,256568.5470,13.8879
MMR,Myanmar,Asia and developing Pacific,South-East Asia and developing Pacific,South-East Asia,ldc,7.9232,237.6960,9410671.2067,25.2581,7.1309,213.9264,8469604.0860,25.2581,34.8088,1044.2650,11194738.0072,93.2818,22.8385,685.1547,6597978.6111,103.8431
NRU,Nauru,Asia and developing Pacific,South-East Asia and developing Pacific,Developing Pacific,developing,0.0000,0.0000,0.0000,,0.0000,0.0000,0.0000,,0.0005,0.0152,237.0993,63.8973,0.0004,0.0119,186.3518,63.9120
NPL,Nepal,Asia and developing Pacific,Southern Asia,Rest of Southern Asia,ldc,4.0740,122.2210,1691314.0783,72.2639,3.6666,109.9989,1522182.6705,72.2639,5.6228,168.6830,3142028.4382,53.6860,4.3598,130.7951,2328583.1384,56.1694
NCL,New Caledonia,Asia and developing Pacific,South-East Asia and developing Pacific,Developing Pacific,developing,0.1318,3.9550,70406.1685,56.1741,0.1187,3.5595,63365.5516,56.1741,0.0085,0.2541,3861.8304,65.8103,0.0066,0.1976,2678.0098,73.7702
NIU,Niue,Asia and developing Pacific,South-East Asia and developing Pacific,Developing Pacific,developing,0.0008,0.0245,1299.5769,18.8620,0.0007,0.0221,1169.6193,18.8620,0.0006,0.0166,3010.6059,5.5105,0.0004,0.0129,2361.3006,5.4528
MNP,Northern Mariana Islands,Asia and developing Pacific,South-East Asia and developing Pacific,Developing Pacific,developing,0.0021,0.0619,3328.6408,18.6047,0.0019,0.0557,2995.7767,18.6047,,,,,,,,
PAK,Pakistan,Asia and developing Pacific,Southern Asia,Rest of Southern Asia,developing,10.5587,316.7618,25449965.5187,12.4465,9.5029,285.0856,22904968.9668,12.4465,26.6619,799.8575,11944138.8699,66.9665,20.7824,623.4709,9213775.0037,67.6673
PLW,Palau,Asia and developing Pacific,South-East Asia and developing Pacific,Developing Pacific,developing,0.0013,0.0376,1922.0381,19.5588,0.0011,0.0338,1729.8343,19.5588,,,,,,,,
PNG,Papua New Guinea,Asia and developing Pacific,South-East Asia and developing Pacific,Developing Pacific,developing,1.0240,30.7212,1250113.9178,24.5747,0.9216,27.6491,1125102.5260,24.5747,0.7195,21.5845,459696.2929,46.9538,0.5479,16.4379,352017.0339,46.6964
PHL,Philippines,Asia and developing Pacific,South-East Asia and developing Pacific,South-East Asia,developing,3.0606,91.8175,5777128.9818,15.8933,2.7545,82.6358,5199416.0836,15.8933,31.0973,932.9187,10236675.1863,91.1349,24.0298,720.8931,7851567.8590,91.8152
PCN,Pitcairn,Asia and developing Pacific,South-East Asia and developing Pacific,Developing Pacific,developing,0.0000,0.0000,0.0000,,0.0000,0.0000,0.0000,,,,,,,,,
WSM,Samoa,Asia and developing Pacific,South-East Asia and developing Pacific,Developing Pacific,developing,0.0352,1.0566,52726.2618,20.0393,0.0317,0.9509,47453.6356,20.0393,0.0377,1.1316,26470.3565,42.7497,0.0296,0.8879,20811.2637,42.6658
SGP,Singapore,Asia and developing Pacific,South-East Asia and developing Pacific,South-East Asia,developing,0.0009,0.0260,2550.9182,10.1865,0.0008,0.0234,2295.8264,10.1865,0.0000,0.0008,13.7994,54.7849,0.0000,0.0006,10.8459,54.6921
SLB,Solomon Islands,Asia and developing Pacific,South-East Asia and developing Pacific,Developing Pacific,ldc,0.0118,0.3534,19544.5826,18.0830,0.0106,0.3181,17590.1243,18.0830,0.0654,1.9628,83355.4922,23.5469,0.0511,1.5337,65539.6502,23.4015
LKA,Sri Lanka,Asia and developing Pacific,Southern Asia,India & Sri Lanka,developing,2.1508,64.5225,1305452.9933,49.4254,1.9357,58.0703,1174907.6939,49.4254,3.2485,97.4538,1280961.2923,76.0786,2.5077,75.2308,980493.0259,76.7276
TWN,"Taiwan, China",Asia and developing Pacific,Eastern Asia,Eastern Asia,developing,0.0000,0.0000,0.0000,,0.0000,0.0000,0.0000,,1.6212,48.6371,247752.1294,196.3135,1.2507,37.5216,188100.1917,199.4768
THA,Thailand,Asia and developing Pacific,South-East Asia and developing Pacific,South-East Asia,developing,21.4295,642.8850,14884087.4726,43.1928,19.2866,578.5965,13395678.7253,43.1928,61.4345,1843.0358,13320551.1463,138.3603,44.5442,1336.3247,9386070.6813,142.3732
TLS,Timor-Leste,Asia and developing Pacific,South-East Asia and developing Pacific,South-East Asia,ldc,0.4808,14.4247,402584.5010,35.8301,0.4327,12.9822,362326.0509,35.8301,0.1737,5.2123,84710.9123,61.5302,0.1249,3.7483,56305.3171,66.5716
TKL,Tokelau,Asia and developing Pacific,South-East Asia and developing Pacific,Developing Pacific,developing,0.0000,0.0000,0.0000,,0.0000,0.0000,0.0000,,0.0010,0.0287,532.6222,53.9031,0.0008,0.0226,418.6224,53.8929
TON,Tonga,Asia and developing Pacific,South-East Asia and developing Pacific,Developing Pacific,developing,0.0060,0.1788,4374.6196,40.8617,0.0054,0.1609,3937.1576,40.8617,0.0105,0.3160,3913.1245,80.7611,0.0075,0.2243,2796.2412,80.2236
TUV,Tuvalu,Asia and developing Pacific,South-East Asia and developing Pacific,Developing Pacific,ldc,0.0000,0.0000,0.0000,,0.0000,0.0000,0.0000,,0.0003,0.0101,1481.5572,6.7834,0.0003,0.0079,1164.4519,6.7924
UMI,United States Minor Outlying Islands,Asia and developing Pacific,South-East Asia and developing Pacific,Developing Pacific,developing,0.0000,0.0000,0.0000,,0.0000,0.0000,0.0000,,,,,,,,,
VUT,Vanuatu,Asia and developing Pacific,South-East Asia and developing Pacific,Developing Pacific,ldc,0.0098,0.2935,15308.8411,19.1704,0.0088,0.2641,13777.9570,19.1704,0.0657,1.9725,96522.0579,20.4355,0.0517,1.5514,75971.8206,20.4209
VNM,Vietnam,Asia and developing Pacific,South-East Asia and developing Pacific,South-East Asia,developing,7.8966,236.8994,6318624.7431,37.4922,7.1070,213.2095,5686762.2688,37.4922,44.0077,1320.2305,7868041.9275,167.7966,33.0476,991.4269,5714185.1534,173.5028
WLF,Wallis and Futuna,Asia and developing Pacific,South-East Asia and developing Pacific,Developing Pacific,developing,0.0003,0.0087,435.9030,20.0391,0.0003,0.0079,392.3127,20.0391,,,,,,,,
ALA,Åland Islands,Developed Countries,Europe,Northern and western Europe,developed,0.0000,0.0000,0.0000,,0.0000,0.0000,0.0000,,,,,,,,,
ALB,Albania,Developed Countries,Europe,Southern and eastern Europe,developed,0.9507,28.5205,816465.8964,34.9317,0.8556,25.6685,734819.3068,34.9317,0.3446,10.3393,150303.0000,68.7895,0.2488,7.4638,100442.5775,74.3088
AND,Andorra,Developed Countries,Europe,Southern Europe and eastern European Union,developed,0.0001,0.0044,397.9770,11.1192,0.0001,0.0040,358.1793,11.1192,,,,,,,,
AUS,Australia,Developed Countries,Asia-Pacific Developed,Australia & New Zealand,developed,6.8067,204.2008,34121485.0054,5.9845,6.1260,183.7807,30709336.5049,5.9845,23.7043,711.1300,15408697.4188,46.1512,18.4352,553.0546,12010670.1819,46.0469
AUT,Austria,Developed Countries,Europe,Northern and western Europe,developed,1.1878,35.6327,1371240.7345,25.9857,1.0690,32.0694,1234116.6610,25.9857,1.8651,55.9545,789597.3975,70.8645,1.4686,44.0588,607093.2420,72.5733
BEL,Belgium,Developed Countries,Europe,Northern and western Europe,developed,1.5278,45.8326,750057.6459,61.1055,1.3750,41.2494,675051.8813,61.1055,0.7071,21.2129,399620.1540,53.0827,0.4716,14.1478,244122.3549,57.9538
BMU,Bermuda,Developed Countries,North America,"Greenland, Bermuda + others",developed,0.0000,0.0000,0.0000,,0.0000,0.0000,0.0000,,,,,,,,,
BIH,Bosnia and Herzegovina,Developed Countries,Europe,Southern and eastern Europe,developed,1.1713,35.1377,795370.5595,44.1778,1.0541,31.6239,715833.5036,44.1778,0.8273,24.8192,335962.0000,73.8751,0.6442,19.3261,234086.2035,82.5598
BGR,Bulgaria,Developed Countries,Europe,Southern Europe and eastern European Union,developed,1.3361,40.0816,5406335.5633,7.4138,1.2024,36.0734,4865702.0070,7.4138,5.2279,156.8368,2801222.3726,55.9887,4.1558,124.6737,2212335.3520,56.3539
CAN,Canada,Developed Countries,North America,USA & Canada,developed,27.6352,829.0551,37157884.0026,22.3117,24.8717,746.1496,33442095.6024,22.3117,35.0936,1052.8084,24594108.2912,42.8073,27.5608,826.8226,19292321.5137,42.8576
CXR,Christmas Island,Developed Countries,Asia-Pacific Developed,Asia-Pacific Developed (others),developed,0.0000,0.0000,0.0000,,0.0000,0.0000,0.0000,,,,,,,,,
CCK,Cocos (Keeling) Islands,Developed Countries,Asia-Pacific Developed,Asia-Pacific Developed (others),developed,0.0000,0.0000,0.0000,,0.0000,0.0000,0.0000,,,,,,,,,
HRV,Croatia,Developed Countries,Europe,Southern Europe and eastern European Union,developed,1.8493,55.4786,1465999.8426,37.8435,1.6644,49.9308,1319399.8584,37.8435,1.7172,51.5147,615712.2409,83.6668,1.3673,41.0186,481250.5567,85.2334
CYP,Cyprus,Developed Countries,Europe,Southern Europe and eastern European Union,developed,0.0729,2.1860,287930.3335,7.5922,0.0656,1.9674,259137.3001,7.5922,0.0179,0.5361,28141.1791,19.0497,0.0115,0.3436,18538.7507,18.5330
CZE,Czech Republic,Developed Countries,Europe,Southern Europe and eastern European Union,developed,1.7544,52.6312,3271159.5731,16.0895,1.5789,47.3681,2944043.6158,16.0895,2.4262,72.7856,1688287.5635,43.1121,1.9053,57.1590,1314311.0078,43.4897
DNK,Denmark,Developed Countries,Europe,Northern and western Europe,developed,3.1898,95.6953,1704774.6924,56.1337,2.8709,86.1258,1534297.2232,56.1337,1.8024,54.0714,1447201.8993,37.3627,1.3700,41.0996,1097863.1612,37.4360
EST,Estonia,Developed Countries,Europe,Northern and western Europe,developed,1.4566,43.6972,540126.5913,80.9017,1.3109,39.3274,486113.9322,80.9017,0.3963,11.8885,385481.5333,30.8407,0.2854,8.5619,285876.4262,29.9498
FRO,Faroe Islands,Developed Countries,Europe,Northern and western Europe,developed,0.0029,0.0859,1945.4056,44.1496,0.0026,0.0773,1750.8650,44.1496,0.0000,0.0011,77.5994,14.5362,0.0000,0.0000,0.0000,
FIN,Finland,Developed Countries,Europe,Northern and western Europe,developed,4.0230,120.6894,1837032.8405,65.6980,3.6207,108.6205,1653329.5564,65.6980,0.6345,19.0354,687740.0000,27.6782,0.4834,14.5018,522186.6665,27.7713
FRA,France,Developed Countries,Europe,Northern and western Europe,developed,10.7438,322.3154,22489788.5467,14.3316,9.6695,290.0839,20240809.6921,14.3316,20.7717,623.1499,11126160.5278,56.0076,16.2703,488.1094,8633370.4528,56.5375
DEU,Germany,Developed Countries,Europe,Northern and western Europe,developed,9.7704,293.1117,12171657.6014,24.0815,8.7934,263.8005,10954491.8413,24.0815,10.2381,307.1432,6695464.2729,45.8733,7.8510,235.5291,5081525.1621,46.3501
GIB,Gibraltar,Developed Countries,Europe,Southern Europe and eastern European Union,developed,0.0000,0.0003,39.2125,7.5922,0.0000,0.0003,35.2912,7.5922,,,,,,,,
GRC,Greece,Developed Countries,Europe,Southern Europe and eastern European Union,developed,1.2972,38.9172,4743533.9834,8.2043,1.1675,35.0254,4269180.5851,8.2043,2.1770,65.3105,1109691.1850,58.8547,1.7043,51.1276,856947.5884,59.6624
GRL,Greenland,Developed Countries,North America,"Greenland, Bermuda + others",developed,0.0000,0.0000,0.0000,,0.0000,0.0000,0.0000,,,,,,,,,
GGY,Guernsey,Developed Countries,Europe,Northern and western Europe,developed,0.0016,0.0482,1979.9659,24.3418,0.0014,0.0434,1781.9693,24.3418,,,,,,,,
HMD,Heard Island and McDonald Islands,Developed Countries,Asia-Pacific Developed,Asia-Pacific Developed (others),developed,0.0000,0.0000,0.0000,,0.0000,0.0000,0.0000,,,,,,,,,
VAT,Holy See,Developed Countries,Europe,Southern Europe and eastern European Union,developed,0.0000,0.0000,0.0000,,0.0000,0.0000,0.0000,,,,,,,,,
HUN,Hungary,Developed Countries,Europe,Southern Europe and eastern European Union,developed,1.4444,43.3315,5956512.8436,7.2746,1.2999,38.9983,5360861.5592,7.2746,8.0303,240.9100,3311962.5285,72.7394,6.3982,191.9461,2618840.7056,73.2943
ISL,Iceland,Developed Countries,Europe,Northern and western Europe,developed,0.0000,0.0000,0.0000,,0.0000,0.0000,0.0000,,0.0018,0.0536,2250.0242,23.8247,0.0012,0.0359,1336.8612,26.8528
IRL,Ireland,Developed Countries,Europe,Northern and western Europe,developed,0.6463,19.3884,248855.2766,77.9105,0.5817,17.4496,223969.7489,77.9105,0.3441,10.3232,281650.4000,36.6526,0.2223,6.6689,204643.5108,32.5881
IMN,Isle of Man,Developed Countries,Europe,Northern and western Europe,developed,0.0058,0.1747,5346.0814,32.6846,0.0052,0.1573,4811.4733,32.6846,,,,,,,,
ITA,Italy,Developed Countries,Europe,Southern Europe and eastern European Union,developed,5.8724,176.1709,13274835.1806,13.2710,5.2851,158.5538,11947351.6625,13.2710,8.2145,246.4340,3422402.7716,72.0061,6.4594,193.7828,2658186.4723,72.9004
JPN,Japan,Developed Countries,Asia-Pacific Developed,Asia-Pacific Developed (others),developed,10.5162,315.4858,3838146.7223,82.1974,9.4646,283.9372,3454332.0501,82.1974,9.1654,274.9618,1792416.1702,153.4029,7.0300,210.9012,1327296.9903,158.8952
JEY,Jersey,Developed Countries,Europe,Northern and western Europe,developed,0.0048,0.1445,5948.7322,24.2880,0.0043,0.1300,5353.8589,24.2880,,,,,,,,
LVA,Latvia,Developed Countries,Europe,Northern and western Europe,developed,2.4595,73.7839,890797.1184,82.8291,2.2135,66.4055,801717.4065,82.8291,0.8684,26.0532,712080.3509,36.5875,0.6014,18.0416,521956.4075,34.5653
LIE,Liechtenstein,Developed Countries,Europe,Northern and western Europe,developed,0.0023,0.0677,1254.0875,54.0098,0.0020,0.0610,1128.6788,54.0098,,,,,,,,
LTU,Lithuania,Developed Countries,Europe,Northern and western Europe,developed,4.2066,126.1973,1802675.9995,70.0055,3.7859,113.5776,1622408.3996,70.0055,1.6376,49.1292,1311551.7563,37.4588,1.1365,34.0957,965378.3114,35.3185
LUX,Luxembourg,Developed Countries,Europe,Northern and western Europe,developed,0.0768,2.3040,41525.4126,55.4840,0.0691,2.0736,37372.8714,55.4840,0.0306,0.9183,24517.3803,37.4569,0.0237,0.7112,18807.0867,37.8167
MLT,Malta,Developed Countries,Europe,Southern Europe and eastern European Union,developed,0.0027,0.0817,10759.2846,7.5922,0.0025,0.0735,9683.3561,7.5922,0.0025,0.0744,2198.8289,33.8551,0.0015,0.0453,1148.0461,39.4305
MCO,Monaco,Developed Countries,Europe,Northern and western Europe,developed,0.0001,0.0022,310.8431,7.0400,0.0001,0.0020,279.7588,7.0400,,,,,,,,
MNE,Montenegro,Developed Countries,Europe,Southern and eastern Europe,developed,0.2485,7.4556,114875.0761,64.9018,0.2237,6.7100,103387.5685,64.9018,0.0040,0.1191,3439.8000,34.6306,0.0024,0.0708,1408.2919,50.2402
NLD,Netherlands,Developed Countries,Europe,Northern and western Europe,developed,1.1734,35.2015,650798.4962,54.0897,1.0560,31.6813,585718.6466,54.0897,0.4661,13.9830,330205.1224,42.3464,0.2054,6.1614,133723.7407,46.0753
NZL,New Zealand,Developed Countries,Asia-Pacific Developed,Australia & New Zealand,developed,0.3175,9.5249,265283.1991,35.9047,0.2857,8.5724,238754.8792,35.9047,0.2362,7.0866,109726.1162,64.5849,0.1748,5.2436,79679.6098,65.8084
NFK,Norfolk Island,Developed Countries,Asia-Pacific Developed,Asia-Pacific Developed (others),developed,0.0000,0.0000,0.0000,,0.0000,0.0000,0.0000,,,,,,,,,
NOR,Norway,Developed Countries,Europe,Northern and western Europe,developed,1.5841,47.5217,883997.1743,53.7577,1.4256,42.7695,795597.4568,53.7577,0.2249,6.7470,223194.6000,30.2294,0.1685,5.0548,165510.4543,30.5405
POL,Poland,Developed Countries,Europe,Southern and eastern Europe,developed,7.0539,211.6157,15660054.3726,13.5131,6.3485,190.4542,14094048.9353,13.5131,7.4995,224.9854,5216584.1975,43.1289,5.7260,171.7793,3859722.1985,44.5056
PRT,Portugal,Developed Countries,Europe,Southern and eastern Europe,developed,0.5430,16.2908,1884508.7897,8.6446,0.4887,14.6617,1696057.9108,8.6446,0.6317,18.9500,206766.9459,91.6490,0.4887,14.6620,143519.3752,102.1604
ROU,Romania,Developed Countries,Europe,Southern and eastern Europe,developed,3.8042,114.1255,11738165.5287,9.7226,3.4238,102.7129,10564348.9758,9.7226,15.3420,460.2588,7010434.5742,65.6534,12.1628,364.8849,5417892.3002,67.3481
SPM,Saint Pierre and Miquelon,Developed Countries,North America,"Greenland, Bermuda + others",developed,0.0000,0.0000,0.0000,,0.0000,0.0000,0.0000,,,,,,,,,
SMR,San Marino,Developed Countries,Europe,Southern and eastern Europe,developed,0.0010,0.0294,4182.5094,7.0400,0.0009,0.0265,3764.2585,7.0400,,,,,,,,
SRB,Serbia,Developed Countries,Europe,Southern and eastern Europe,developed,1.4566,43.6967,4152673.7738,10.5226,1.3109,39.3271,3737406.3964,10.5226,5.7517,172.5502,2147898.0899,80.3345,4.5724,137.1722,1672084.0177,82.0366
SCG,Serbia and Montenegro,Developed Countries,Europe,Southern and eastern Europe,developed,0.0000,0.0000,0.0000,,0.0000,0.0000,0.0000,,,,,,,,,
SVK,Slovak Republic,Developed Countries,Europe,Southern and eastern Europe,developed,0.9977,29.9305,1737667.3525,17.2245,0.8979,26.9374,1563900.6173,17.2245,1.8578,55.7329,973031.1659,57.2776,1.4747,44.2403,764503.5712,57.8680
SVN,Slovenia,Developed Countries,Europe,Southern and eastern Europe,developed,0.4852,14.5550,251840.0625,57.7946,0.4366,13.0995,226656.0563,57.7946,0.2483,7.4502,95614.2890,77.9193,0.1955,5.8636,72904.5552,80.4291
ESP,Spain,Developed Countries,Europe,Southern and eastern Europe,developed,5.9139,177.4170,22216645.5262,7.9858,5.3225,159.6753,19994980.9736,7.9858,7.5954,227.8621,5991082.3721,38.0335,5.9289,177.8665,4651362.5577,38.2397
SJM,Svalbard and Jan Mayen,Developed Countries,Europe,Northern and western Europe,developed,0.0000,0.0000,0.0000,,0.0000,0.0000,0.0000,,,,,,,,,
SWE,Sweden,Developed Countries,Europe,Northern and western Europe,developed,4.3932,131.7949,2604924.3434,50.5945,3.9538,118.6154,2344431.9091,50.5945,1.0658,31.9752,890072.4000,35.9242,0.8189,24.5685,680556.3948,36.1006
CHE,Switzerland,Developed Countries,Europe,Northern and western Europe,developed,0.6491,19.4716,305253.6106,63.7882,0.5841,17.5244,274728.2496,63.7882,0.2782,8.3452,168901.3526,49.4084,0.2105,6.3159,124643.8165,50.6717
TUR,Turkey,Developed Countries,Europe,Southern and eastern Europe,developed,10.5556,316.6667,36060190.4162,8.7816,9.5000,285.0001,32454171.3746,8.7816,13.9555,418.6645,11769629.3516,35.5716,10.7920,323.7588,9091622.3904,35.6107
UKR,Ukraine,Developed Countries,Europe,Southern and eastern Europe,developed,15.3382,460.1446,42592203.3024,10.8035,13.8043,414.1301,38332982.9721,10.8035,44.1107,1323.3222,23794096.8301,55.6156,34.6184,1038.5512,17828112.9193,58.2536
GBR,United Kingdom,Developed Countries,Europe,Northern and western Europe,developed,7.5298,225.8948,3732307.7797,60.5242,6.7768,203.3053,3359077.0017,60.5242,4.6563,139.6903,3663000.0000,38.1355,3.5367,106.1005,2771425.9640,38.2837
USA,United States,Developed Countries,North America,USA & Canada,developed,71.8555,2155.6658,102627295.6249,21.0048,64.6700,1940.0992,92364566.0624,21.0048,327.3261,9819.7828,95371477.7133,102.9635,259.7762,7793.2859,75127977.3693,103.7335
ARM,Armenia,Eastern Europe and West-Central Asia,Eurasia,Eurasia,developing,0.4158,12.4751,1034275.8159,12.0617,0.3743,11.2276,930848.2343,12.0617,0.1445,4.3359,140232.8875,30.9195,0.0985,2.9540,93133.9038,31.7178
AZE,Azerbaijan,Eastern Europe and West-Central Asia,Eurasia,Eurasia,developing,1.0771,32.3137,4070471.5763,7.9386,0.9694,29.0824,3663424.4187,7.9386,1.1846,35.5379,1083745.1191,32.7918,0.9048,27.1451,804977.2581,33.7216
BLR,Belarus,Eastern Europe and West-Central Asia,Eurasia,Eurasia,developed,7.0670,212.0113,8302708.2942,25.5352,6.3603,190.8102,7472437.4648,25.5352,2.2512,67.5365,1987272.8173,33.9845,1.4228,42.6831,1255631.7894,33.9933
GEO,Georgia,Eastern Europe and West-Central Asia,Eurasia,Eurasia,developing,1.3504,40.5114,1379762.0884,29.3612,1.2153,36.4603,1241785.8795,29.3612,0.2292,6.8746,170147.2077,40.4037,0.1726,5.1783,116863.1267,44.3111
KAZ,Kazakhstan,Eastern Europe and West-Central Asia,Eurasia,Eurasia,developing,20.1626,604.8767,49283302.1543,12.2735,18.1463,544.3890,44354971.9388,12.2735,9.3386,280.1584,15531534.4757,18.0380,7.0287,210.8615,11869520.0581,17.7650
KGZ,Kyrgyz Republic,Eastern Europe and West-Central Asia,Eurasia,Eurasia,developing,1.9867,59.6017,3745366.4492,15.9135,1.7881,53.6416,3370829.8042,15.9135,1.0047,30.1411,696258.2655,43.2901,0.6831,20.4919,447476.0868,45.7944
MKD,"Macedonia, FYR",Eastern Europe and West-Central Asia,Eurasia,Eurasia,developed,0.2083,6.2496,802238.4090,7.7902,0.1875,5.6246,722014.5681,7.7902,0.2496,7.4888,176970.9732,42.3166,0.1882,5.6451,125092.9243,45.1271
MDA,Moldova,Eastern Europe and West-Central Asia,Eurasia,Eurasia,developed,0.6340,19.0203,2701741.0811,7.0400,0.5706,17.1182,2431566.9730,7.0400,2.3482,70.4447,1354968.7445,51.9899,1.8594,55.7822,1052191.7999,53.0152
RUS,Russian Federation,Eastern Europe and West-Central Asia,Eurasia,Eurasia,developed,82.3662,2470.9864,148438603.3505,16.6465,74.1296,2223.8877,133594743.0155,16.6465,54.6770,1640.3114,50821224.1457,32.2761,42.7092,1281.2765,38940331.2187,32.9036
TJK,Tajikistan,Eastern Europe and West-Central Asia,Eurasia,Eurasia,developing,0.9279,27.8365,2498478.2259,11.1414,0.8351,25.0528,2248630.4033,11.1414,0.7778,23.3348,547656.2129,42.6084,0.5806,17.4186,398448.8113,43.7160
TKM,Turkmenistan,Eastern Europe and West-Central Asia,Eurasia,Eurasia,developing,1.3372,40.1147,4336167.8715,9.2512,1.2034,36.1032,3902551.0843,9.2512,1.2834,38.5020,1503797.2182,25.6032,1.0066,30.1991,1176338.3971,25.6722
UZB,Uzbekistan,Eastern Europe and West-Central Asia,Eurasia,Eurasia,developing,2.6616,79.8492,8235286.2383,9.6960,2.3955,71.8643,7411757.6145,9.6960,4.4005,132.0161,2583446.8234,51.1008,3.4202,102.6075,1985882.7643,51.6685
AIA,Anguilla,Latin America and Caribbean,Latin America and Caribbean,Caribbean,developing,0.0000,0.0002,12.5535,15.2188,0.0000,0.0002,11.2981,15.2188,,,,,,,,
ATG,Antigua and Barbuda,Latin America and Caribbean,Latin America and Caribbean,Caribbean,developing,0.0002,0.0063,312.3490,20.0294,0.0002,0.0056,281.1141,20.0294,0.0002,0.0050,604.8452,8.3327,0.0001,0.0035,465.1716,7.5752
ARG,Argentina,Latin America and Caribbean,Latin America and Caribbean,South America,developing,11.1468,334.4043,28461216.1163,11.7495,10.0321,300.9639,25615094.5047,11.7495,94.0384,2821.1523,34344975.3757,82.1416,74.5269,2235.8063,26961466.9312,82.9260
ABW,Aruba,Latin America and Caribbean,Latin America and Caribbean,Caribbean,developing,0.0000,0.0000,0.0000,,0.0000,0.0000,0.0000,,,,,,,,,
BHS,"Bahamas, The",Latin America and Caribbean,Latin America and Caribbean,Caribbean,developing,0.0070,0.2103,4967.3395,42.3414,0.0063,0.1893,4470.6055,42.3414,0.0128,0.3844,2604.9145,147.5657,0.0100,0.2988,2025.5523,147.5141
BRB,Barbados,Latin America and Caribbean,Latin America and Caribbean,Caribbean,developing,0.0076,0.2285,11398.4000,20.0458,0.0069,0.2056,10258.5600,20.0458,0.0225,0.6736,2894.8340,232.7002,0.0174,0.5225,2232.2494,234.0678
BLZ,Belize,Latin America and Caribbean,Latin America and Caribbean,Meso America,developing,0.0794,2.3809,57771.3023,41.2122,0.0714,2.1428,51994.1721,41.2122,0.3984,11.9531,74146.5150,161.2086,0.3043,9.1302,51446.3692,177.4704
BOL,Bolivia,Latin America and Caribbean,Latin America and Caribbean,South America,developing,2.0389,61.1676,2281238.8236,26.8133,1.8350,55.0508,2053114.9413,26.8133,7.1268,213.8031,2963858.4919,72.1367,5.4709,164.1272,2122962.8768,77.3105
BES,"Bonaire, Sint Eustatius and Saba",Latin America and Caribbean,Latin America and Caribbean,Caribbean,developing,0.0000,0.0000,0.0000,,0.0000,0.0000,0.0000,,,,,,,,,
BVT,Bouvet Island,Latin America and Caribbean,Latin America and Caribbean,South America,developing,0.0000,0.0000,0.0000,,0.0000,0.0000,0.0000,,,,,,,,,
BRA,Brazil,Latin America and Caribbean,Latin America and Caribbean,South America,developing,66.9120,2007.3596,55179202.4515,36.3789,60.2208,1806.6236,49661282.2064,36.3789,329.9374,9898.1213,67837780.1144,145.9087,255.9582,7678.7467,50871197.1471,150.9449
VGB,British Virgin Islands,Latin America and Caribbean,Latin America and Caribbean,Caribbean,developing,0.0000,0.0000,0.0000,,0.0000,0.0000,0.0000,,,,,,,,,
CYM,Cayman Islands,Latin America and Caribbean,Latin America and Caribbean,Caribbean,developing,0.0009,0.0281,647.0053,43.3637,0.0008,0.0253,582.3048,43.3637,,,,,,,,
CHL,Chile,Latin America and Caribbean,Latin America and Caribbean,South America,developing,2.8106,84.3181,1478324.2386,57.0363,2.5295,75.8863,1330491.8147,57.0363,1.1938,35.8135,454102.7022,78.8665,0.9042,27.1266,316560.4303,85.6918
COL,Colombia,Latin America and Caribbean,Latin America and Caribbean,South America,developing,5.2280,156.8411,3997948.7534,39.2304,4.7052,141.1570,3598153.8780,39.2304,11.6343,349.0287,2297503.3339,151.9165,8.7629,262.8868,1507481.6379,174.3881
CRI,Costa Rica,Latin America and Caribbean,Latin America and Caribbean,Meso America,developing,0.3025,9.0765,310699.2738,29.2130,0.2723,8.1688,279629.3464,29.2130,1.1956,35.8675,202994.7476,176.6918,0.9027,27.0811,135472.3229,199.9015
CUB,Cuba,Latin America and Caribbean,Latin America and Caribbean,Caribbean,developing,2.5374,76.1206,1469143.6959,51.8129,2.2836,68.5086,1322229.3263,51.8129,4.1114,123.3410,916521.2179,134.5752,2.9874,89.6211,509809.5558,175.7933
CUW,Curaçao,Latin America and Caribbean,Latin America and Caribbean,Caribbean,developing,0.0002,0.0046,608.6288,7.5922,0.0001,0.0042,547.7659,7.5922,,,,,,,,
DMA,Dominica,Latin America and Caribbean,Latin America and Caribbean,Caribbean,developing,0.0000,0.0011,59.0278,19.4803,0.0000,0.0010,53.1250,19.4803,0.0039,0.1167,12625.0462,9.2442,0.0029,0.0877,9934.8032,8.8240
DOM,Dominican Republic,Latin America and Caribbean,Latin America and Caribbean,Caribbean,developing,0.7069,21.2067,458593.7615,46.2429,0.6362,19.0860,412734.3854,46.2429,2.1324,63.9712,560281.9596,114.1768,1.6115,48.3457,395127.5936,122.3547
ECU,Ecuador,Latin America and Caribbean,Latin America and Caribbean,South America,developing,1.4620,43.8596,988165.7228,44.3848,1.3158,39.4736,889349.1505,44.3848,4.8703,146.1080,1554968.9237,93.9620,3.7960,113.8815,1182562.4587,96.3006
SLV,El Salvador,Latin America and Caribbean,Latin America and Caribbean,Meso America,developing,0.2361,7.0839,144671.1663,48.9652,0.2125,6.3755,130204.0497,48.9652,2.2642,67.9252,556039.6538,122.1589,1.6812,50.4352,349430.3893,144.3356
FLK,Falkland Islands (Malvinas),Latin America and Caribbean,Latin America and Caribbean,South America,developing,0.0001,0.0022,21.3205,102.4814,0.0001,0.0020,19.1885,102.4814,,,,,,,,
GUF,French Guiana,Latin America and Caribbean,Latin America and Caribbean,South America,developing,0.0038,0.1147,6801.2308,16.8629,0.0034,0.1032,6121.1077,16.8629,,,,,,,,
GRD,Grenada,Latin America and Caribbean,Latin America and Caribbean,Caribbean,developing,0.0002,0.0066,180.7866,36.6529,0.0002,0.0060,162.7079,36.6529,0.0039,0.1170,3162.7580,36.9805,0.0029,0.0879,2414.5506,36.4070
GLP,Guadeloupe,Latin America and Caribbean,Latin America and Caribbean,Caribbean,developing,0.0123,0.3688,18464.6574,19.9753,0.0111,0.3320,16618.1917,19.9753,,,,,,,,
GTM,Guatemala,Latin America and Caribbean,Latin America and Caribbean,Meso America,developing,0.6888,20.6646,978194.2277,21.1253,0.6199,18.5982,880374.8049,21.1253,8.2704,248.1111,1579710.7983,157.0611,6.2516,187.5470,1040969.6742,180.1656
GUY,Guyana,Latin America and Caribbean,Latin America and Caribbean,South America,developing,0.0574,1.7215,92428.8747,18.6256,0.0516,1.5494,83185.9873,18.6256,1.1470,34.4092,167051.5883,205.9796,0.8910,26.7311,129158.3654,206.9637
HTI,Haiti,Latin America and Caribbean,Latin America and Caribbean,Caribbean,ldc,0.1893,5.6792,154862.8476,36.6726,0.1704,5.1113,139376.5629,36.6726,0.9922,29.7651,790599.5587,37.6487,0.6157,18.4717,382322.9987,48.3144
HND,Honduras,Latin America and Caribbean,Latin America and Caribbean,Meso America,developing,0.6834,20.5010,560884.5159,36.5511,0.6150,18.4509,504796.0643,36.5511,2.1592,64.7771,629959.0940,102.8274,1.5813,47.4403,399618.0909,118.7142
JAM,Jamaica,Latin America and Caribbean,Latin America and Caribbean,Caribbean,developing,0.0740,2.2199,58441.5435,37.9844,0.0666,1.9979,52597.3892,37.9844,0.2447,7.3409,41124.3579,178.5045,0.1881,5.6425,30608.7681,184.3426
MTQ,Martinique,Latin America and Caribbean,Latin America and Caribbean,Caribbean,developing,0.0040,0.1192,6007.8014,19.8466,0.0036,0.1073,5407.0213,19.8466,,,,,,,,
MEX,Mexico,Latin America and Caribbean,Latin America and Caribbean,Meso America,developing,7.9820,239.4599,13697141.4734,17.4825,7.1838,215.5139,12327427.3260,17.4825,38.4743,1154.2300,12263161.0020,94.1217,29.2377,877.1300,8447734.2110,103.8302
MSR,Montserrat,Latin America and Caribbean,Latin America and Caribbean,Caribbean,developing,0.0002,0.0067,338.4601,19.7658,0.0002,0.0060,304.6141,19.7658,,,,,,,,
ANT,Netherlands Antilles,Latin America and Caribbean,Latin America and Caribbean,Caribbean,developing,0.0000,0.0000,0.0000,,0.0000,0.0000,0.0000,,,,,,,,,
NIC,Nicaragua,Latin America and Caribbean,Latin America and Caribbean,Meso America,developing,0.8589,25.7658,774526.0722,33.2665,0.7730,23.1892,697073.4650,33.2665,2.3408,70.2235,757515.2924,92.7024,1.6355,49.0650,409049.9393,119.9488
PAN,Panama,Latin America and Caribbean,Latin America and Caribbean,Meso America,developing,0.5794,17.3817,547423.4019,31.7519,0.5215,15.6435,492681.0617,31.7519,0.9700,29.0990,186495.4863,156.0308,0.7506,22.5191,137164.1367,164.1765
PRY,Paraguay,Latin America and Caribbean,Latin America and Caribbean,South America,developing,2.5054,75.1605,2332636.4580,32.2213,2.2548,67.6445,2099372.8122,32.2213,16.0193,480.5801,5495605.6652,87.4481,12.3469,370.4061,4191351.4237,88.3739
PER,Peru,Latin America and Caribbean,Latin America and Caribbean,South America,developing,0.7756,23.2681,1592545.8109,14.6106,0.6980,20.9413,1433291.2298,14.6106,6.4696,194.0891,1458960.9848,133.0324,4.7385,142.1542,861111.1542,165.0823
PRI,Puerto Rico,Latin America and Caribbean,Latin America and Caribbean,Caribbean,developing,0.0265,0.7941,41341.8245,19.2078,0.0238,0.7147,37207.6421,19.2078,0.0004,0.0115,254.5082,45.2638,0.0003,0.0082,161.3102,50.8743
BLM,Saint Barthélemy,Latin America and Caribbean,Latin America and Caribbean,Caribbean,developing,0.0000,0.0000,0.0000,,0.0000,0.0000,0.0000,,,,,,,,,
SXM,Sint Maarten (Dutch part),Latin America and Caribbean,Latin America and Caribbean,Caribbean,developing,0.0000,0.0009,60.9596,15.4236,0.0000,0.0008,54.8636,15.4236,,,,,,,,
SGS,South Georgia and the South Sandwich Islands,Latin America and Caribbean,Latin America and Caribbean,South America,developing,0.0000,0.0000,0.0000,,0.0000,0.0000,0.0000,,,,,,,,,
KNA,St. Kitts and Nevis,Latin America and Caribbean,Latin America and Caribbean,Caribbean,developing,0.0006,0.0193,971.8409,19.8537,0.0006,0.0174,874.6568,19.8537,0.0006,0.0189,586.3862,32.2825,0.0005,0.0149,461.1613,32.2754
LCA,St. Lucia,Latin America and Caribbean,Latin America and Caribbean,Caribbean,developing,0.0001,0.0035,172.0444,20.0640,0.0001,0.0031,154.8399,20.0640,0.0024,0.0705,2362.2118,29.8644,0.0017,0.0506,1355.6531,37.3280
MAF,St. Martin (French part),Latin America and Caribbean,Latin America and Caribbean,Caribbean,developing,0.0000,0.0013,86.2671,15.4127,0.0000,0.0012,77.6404,15.4127,,,,,,,,
VCT,St. Vincent and the Grenadines,Latin America and Caribbean,Latin America and Caribbean,Caribbean,developing,0.0008,0.0244,1011.5311,24.1217,0.0007,0.0220,910.3780,24.1217,0.0047,0.1416,2058.9091,68.7668,0.0036,0.1087,1564.0075,69.5234
SUR,Suriname,Latin America and Caribbean,Latin America and Caribbean,South America,developing,0.0167,0.5011,26042.8642,19.2397,0.0150,0.4510,23438.5778,19.2397,0.2905,8.7145,63671.8445,136.8658,0.2250,6.7508,49307.0862,136.9133
TTO,Trinidad and Tobago,Latin America and Caribbean,Latin America and Caribbean,Caribbean,developing,0.0382,1.1458,19697.2807,58.1724,0.0344,1.0313,17727.5527,58.1724,0.0098,0.2955,9915.3356,29.7974,0.0075,0.2259,7548.7889,29.9210
TCA,Turks and Caicos Islands,Latin America and Caribbean,Latin America and Caribbean,Caribbean,developing,0.0002,0.0069,264.1221,26.2614,0.0002,0.0062,237.7099,26.2614,,,,,,,,
URY,Uruguay,Latin America and Caribbean,Latin America and Caribbean,South America,developing,1.7728,53.1828,850981.4528,62.4958,1.5955,47.8645,765883.3075,62.4958,4.4785,134.3539,1866931.6760,71.9651,3.5417,106.2496,1472995.5755,72.1317
VEN,"Venezuela, RB",Latin America and Caribbean,Latin America and Caribbean,South America,developing,4.7493,142.4802,3455707.2381,41.2304,4.2744,128.2322,3110136.5143,41.2304,3.0304,90.9127,960363.2959,94.6649,2.2982,68.9467,675152.4441,102.1202
VIR,Virgin Islands (U.S.),Latin America and Caribbean,Latin America and Caribbean,Caribbean,developing,0.0012,0.0372,1855.7664,20.0560,0.0011,0.0335,1670.1898,20.0560,,,,,,,,